Country,iso3
Afghanistan,AFG
Albania,ALB
Algeria,DZA
Angola,AGO
Argentina,ARG
Armenia,ARM
Australia,AUS
Austria,AUT
Azerbaijan,AZE
Bahamas,BHS
Bahrain,BHR
Bangladesh,BGD
Barbados,BRB
Belarus,BLR
Belgium,BEL
Belize,BLZ
Benin,BEN
Bhutan,BTN
Bolivia,BOL
Bosnia and Herzegovina,BIH
Botswana,BWA
Brazil,BRA
Brunei Darussalam,BRN
Bulgaria,BGR
Burkina Faso,BFA
Burundi,BDI
Cambodia,KHM
Cameroon,CMR
Canada,CAN
Cape Verde,CPV
Central African Republic,CAF
Chad,TCD
Chile,CHL
China,CHN
Colombia,COL
Comoros,COM
Congo,COG
Costa Rica,CRI
Cote d'Ivoire,CIV
Croatia,HRV
Cuba,CUB
Cyprus,CYP
Czech Republic,CZE
Denmark,DNK
Djibouti,DJI
Dominican Republic,DOM
Ecuador,ECU
Egypt,EGY
El Salvador,SLV
Equatorial Guinea,GNQ
Eritrea,ERI
Estonia,EST
Ethiopia,ETH
Fiji,FJI
Finland,FIN
France,FRA
Gabon,GAB
Gambia,GMB
Georgia,GEO
Germany,DEU
Ghana,GHA
Greece,GRC
Grenada,GRD
Guatemala,GTM
Guinea,GIN
Guinea-Bissau,GNB
Guyana,GUY
Haiti,HTI
Honduras,HND
Hungary,HUN
Iceland,ISL
India,IND
Indonesia,IDN
Iran (Islamic Republic of),IRN
Iraq,IRQ
Ireland,IRL
Israel,ISR
Italy,ITA
Jamaica,JAM
Japan,JPN
Jordan,JOR
Kazakhstan,KAZ
Kenya,KEN
Kiribati,KIR
"Korea, Republic of",KOR
Kuwait,KWT
Kyrgyzstan,KGZ
Lao People’s Democ . Rep .,LAO
Latvia,LVA
Lebanon,LBN
Lesotho,LSO
Liberia,LBR
Libyan Arab Jamahiriya,LBY
Lithuania,LTU
Luxembourg,LUX
Madagascar,MDG
Malawi,MWI
Malaysia,MYS
Mali,MLI
Malta,MLT
Mauritania,MRT
Mauritius,MUS
Mexico,MEX
Mongolia,MNG
Morocco,MAR
Mozambique,MOZ
Myanmar,MMR
Namibia,NAM
Nepal,NPL
Netherlands,NLD
New Zealand,NZL
Nicaragua,NIC
Niger,NER
Nigeria,NGA
Norway,NOR
Oman,OMN
Pakistan,PAK
Panama,PAN
Papua New Guinea,PNG
Paraguay,PRY
Peru,PER
Philippines,PHL
Poland,POL
Portugal,PRT
Qatar,QAT
Republic of Macedonia,MKD
Republic of Moldova,MDA
Romania,ROU
Russia,RUS
Rwanda,RWA
Saudi Arabia,SAU
Senegal,SEN
Serbia,SRB
Seychelles,SYC
Sierra Leone,SLE
Singapore,SGP
Slovakia,SVK
Slovenia,SVN
Solomon Islands,SLB
South Africa,ZAF
Spain,ESP
Sri Lanka,LKA
Sudan,SDN
Suriname,SUR
Swaziland,SWZ
Sweden,SWE
Switzerland,CHE
Syrian Arab Republic,SYR
Tajikistan,TJK
Thailand,THA
Timor-Leste,TLS
Togo,TGO
Tonga,TON
Trinidad and Tobago,TTO
Tunisia,TUN
Turkey,TUR
Turkmenistan,TKM
Uganda,UGA
Ukraine,UKR
United Arab Emirates,ARE
United Kingdom,GBR
United Republic of Tanzania,TZA
United States,USA
Uruguay,URY
Uzbekistan,UZB
Vanuatu,VUT
Venezuela,VEN
Viet Nam,VNM
Yemen,YEM
Zambia,ZMB
Zimbabwe,ZWE
